run_id,experiment_id,status,artifact_uri,start_time,end_time,metrics.raw_val_CAR,metrics.test_internal_macro_f1,metrics.raw_val_macro_f1,metrics.raw_val_AER,metrics.test_audit_AER,metrics.test_audit_AER_hi,metrics.test_internal_TLR_f1,metrics.test_audit_CAR,metrics.val_AER,metrics.raw_val_acc,metrics.val_CAR,metrics.val_macro_f1,params.image_pe_sha256,params.text_model,params.logreg_max_iter,params.scaling_text_emb,params.logreg_solver,params.tau,params.tfidf_ngram_range,params.features,params.image_dinov3_sha256,params.split_data_sha256,params.tfidf_max_features,params.tfidf_sublinear_tf,params.text_emb_sha256,params.logreg_C,params.tfidf_analyzer,params.scaling_image_emb_dinov3,params.tfidf_min_df,params.image_dinov3_model,params.logreg_random_state,params.scaling_image_emb_pe,params.logreg_class_weight,params.image_pe_model,params.split_id,params.image_pe_sim_sha256,params.scaling_image_emb_pe_sim,params.image_pe_sim_model,params.image_emb_sha256,params.stage2_features,params.stage2_head,params.stage1_head,params.kind,params.stage1_features,params.scaling_image_emb,params.scaling_text_flags,params.image_model,params.lightgbm_random_state,params.lightgbm_class_weight,params.lightgbm_n_jobs,params.lightgbm_n_estimators,params.lightgbm_verbose,params.random_forest_n_jobs,params.random_forest_class_weight,params.random_forest_random_state,params.random_forest_n_estimators,params.catboost_auto_class_weights,params.catboost_random_seed,params.catboost_verbose,params.catboost_loss_function,params.block_norm,tags.mlflow.source.name,tags.mlflow.source.git.commit,tags.mlflow.source.type,tags.git_dirty,tags.python_version,tags.mlflow.runName,tags.mlflow.user,tags.git_commit
9c1d1b75254a4b8aa39fcc46fbaaa990,1,FINISHED,file:///Users/nikitalosev/Documents/avito-film-camera-body-type/training/tracking/store/mlartifacts/9c1d1b75254a4b8aa39fcc46fbaaa990/artifacts,2026-06-03 15:35:15.836000+00:00,2026-06-03 15:35:15.983000+00:00,0.7860901276374056,0.9525786713316743,0.9453744664454642,0.03885597808777629,0.018633540372670808,0.05334649748280485,0.9525341914722446,0.7523809523809524,0.03885597808777629,0.9530606928887732,0.7860901276374056,0.9453744664454642,f496ab7200534ea67c653185dcca92cb084184e93c07a7b5e720fa9e96fdde6b,Qwen/Qwen3-Embedding-0.6B,1000,l2,lbfgs,0.0,"(3, 5)",tfidf+qwen3+dinov3+pe,439a3c65d2b7980ea9a60f2590d362f8d8f2f10c1cf3790731f7985e2dff85d9,11d9d547c3e4c888776e244181fc6cff237ded98094ff2e90eecd74353ef8978,50000,True,7122d65b01ae191efd2d06d0ce85e701ad83d4f5db224c7d8015c8b61fe612e6,3.0,char_wb,l2,5,facebook/dinov3-vits16-pretrain-lvd1689m,42,l2,None,timm/PE-Core-L-14-336,split_v1,,,,,,,,,,,,,,,,,,,,,,,,,,,training/src/train.py,7871b1090d26c36a121c5e8b5ac00a362d8317fd,LOCAL,True,3.13.13,lrgrid__c3.0__none,nikitalosev,7871b1090d26c36a121c5e8b5ac00a362d8317fd
d1a9fd50755e4b42bc69ab34de69380e,1,FINISHED,file:///Users/nikitalosev/Documents/avito-film-camera-body-type/training/tracking/store/mlartifacts/d1a9fd50755e4b42bc69ab34de69380e/artifacts,2026-06-03 15:24:46.203000+00:00,2026-06-03 15:24:46.388000+00:00,0.78614222453764,0.9493996489561859,0.9435722045695806,0.03995419264537473,0.03067484662576687,0.06979052679134118,0.9392774788624135,0.7523809523809524,0.03995419264537473,0.9523834331857255,0.78614222453764,0.9435722045695806,f496ab7200534ea67c653185dcca92cb084184e93c07a7b5e720fa9e96fdde6b,Qwen/Qwen3-Embedding-0.6B,1000,l2,lbfgs,0.0,"(3, 5)",tfidf+qwen3+dinov3+pe,439a3c65d2b7980ea9a60f2590d362f8d8f2f10c1cf3790731f7985e2dff85d9,11d9d547c3e4c888776e244181fc6cff237ded98094ff2e90eecd74353ef8978,50000,True,7122d65b01ae191efd2d06d0ce85e701ad83d4f5db224c7d8015c8b61fe612e6,3.0,char_wb,l2,5,facebook/dinov3-vits16-pretrain-lvd1689m,42,l2,balanced,timm/PE-Core-L-14-336,split_v1,,,,,,,,,,,,,,,,,,,,,,,,,,,training/src/train.py,7871b1090d26c36a121c5e8b5ac00a362d8317fd,LOCAL,True,3.13.13,lrgrid__c3.0__balanced,nikitalosev,7871b1090d26c36a121c5e8b5ac00a362d8317fd
adcfd9301a7847d096b5c48779762cce,1,FINISHED,file:///Users/nikitalosev/Documents/avito-film-camera-body-type/training/tracking/store/mlartifacts/adcfd9301a7847d096b5c48779762cce/artifacts,2026-06-03 15:14:41.083000+00:00,2026-06-03 15:14:41.242000+00:00,0.787340453243032,0.9513207155229363,0.9440013459685992,0.040870724122612175,0.024844720496894408,0.06213330741266006,0.9467741935483871,0.7476190476190476,0.040870724122612175,0.9524355300859599,0.787340453243032,0.9440013459685992,f496ab7200534ea67c653185dcca92cb084184e93c07a7b5e720fa9e96fdde6b,Qwen/Qwen3-Embedding-0.6B,1000,l2,lbfgs,0.0,"(3, 5)",tfidf+qwen3+dinov3+pe,439a3c65d2b7980ea9a60f2590d362f8d8f2f10c1cf3790731f7985e2dff85d9,11d9d547c3e4c888776e244181fc6cff237ded98094ff2e90eecd74353ef8978,50000,True,7122d65b01ae191efd2d06d0ce85e701ad83d4f5db224c7d8015c8b61fe612e6,1.0,char_wb,l2,5,facebook/dinov3-vits16-pretrain-lvd1689m,42,l2,None,timm/PE-Core-L-14-336,split_v1,,,,,,,,,,,,,,,,,,,,,,,,,,,training/src/train.py,7871b1090d26c36a121c5e8b5ac00a362d8317fd,LOCAL,True,3.13.13,lrgrid__c1.0__none,nikitalosev,7871b1090d26c36a121c5e8b5ac00a362d8317fd
700b9cb392444917ada484ee5e1e5537,1,FINISHED,file:///Users/nikitalosev/Documents/avito-film-camera-body-type/training/tracking/store/mlartifacts/700b9cb392444917ada484ee5e1e5537/artifacts,2026-06-03 15:07:11.943000+00:00,2026-06-03 15:07:12.128000+00:00,0.78614222453764,0.9468959303237474,0.9404720691259866,0.04184392659851419,0.03680981595092025,0.07797265625985011,0.9287878787878788,0.7476190476190476,0.04184392659851419,0.9512893982808023,0.78614222453764,0.9404720691259866,f496ab7200534ea67c653185dcca92cb084184e93c07a7b5e720fa9e96fdde6b,Qwen/Qwen3-Embedding-0.6B,1000,l2,lbfgs,0.0,"(3, 5)",tfidf+qwen3+dinov3+pe,439a3c65d2b7980ea9a60f2590d362f8d8f2f10c1cf3790731f7985e2dff85d9,11d9d547c3e4c888776e244181fc6cff237ded98094ff2e90eecd74353ef8978,50000,True,7122d65b01ae191efd2d06d0ce85e701ad83d4f5db224c7d8015c8b61fe612e6,1.0,char_wb,l2,5,facebook/dinov3-vits16-pretrain-lvd1689m,42,l2,balanced,timm/PE-Core-L-14-336,split_v1,,,,,,,,,,,,,,,,,,,,,,,,,,,training/src/train.py,7871b1090d26c36a121c5e8b5ac00a362d8317fd,LOCAL,True,3.13.13,lrgrid__c1.0__balanced,nikitalosev,7871b1090d26c36a121c5e8b5ac00a362d8317fd
b67a51f5eccb4ba88235dc18117a5e63,1,FINISHED,file:///Users/nikitalosev/Documents/avito-film-camera-body-type/training/tracking/store/mlartifacts/b67a51f5eccb4ba88235dc18117a5e63/artifacts,2026-06-03 14:59:28.804000+00:00,2026-06-03 14:59:28.922000+00:00,0.7860901276374056,0.9453508388065291,0.9387677999086836,0.0454832995951417,0.03125,0.07106127810488057,0.934640522875817,0.7380952380952381,0.0454832995951417,0.9484761656681427,0.7860901276374056,0.9387677999086836,f496ab7200534ea67c653185dcca92cb084184e93c07a7b5e720fa9e96fdde6b,Qwen/Qwen3-Embedding-0.6B,1000,l2,lbfgs,0.0,"(3, 5)",tfidf+qwen3+dinov3+pe,439a3c65d2b7980ea9a60f2590d362f8d8f2f10c1cf3790731f7985e2dff85d9,11d9d547c3e4c888776e244181fc6cff237ded98094ff2e90eecd74353ef8978,50000,True,7122d65b01ae191efd2d06d0ce85e701ad83d4f5db224c7d8015c8b61fe612e6,0.3,char_wb,l2,5,facebook/dinov3-vits16-pretrain-lvd1689m,42,l2,None,timm/PE-Core-L-14-336,split_v1,,,,,,,,,,,,,,,,,,,,,,,,,,,training/src/train.py,7871b1090d26c36a121c5e8b5ac00a362d8317fd,LOCAL,True,3.13.13,lrgrid__c0.3__none,nikitalosev,7871b1090d26c36a121c5e8b5ac00a362d8317fd
81f7dc406bdd4694be55f298a720ee1c,1,FINISHED,file:///Users/nikitalosev/Documents/avito-film-camera-body-type/training/tracking/store/mlartifacts/81f7dc406bdd4694be55f298a720ee1c/artifacts,2026-06-03 14:53:19.480000+00:00,2026-06-03 14:53:19.637000+00:00,0.7850481896327168,0.9414144105558041,0.9345142532406747,0.047652151930733744,0.042682926829268296,0.08547349168131096,0.9262048192771084,0.7476190476190476,0.046594074449227654,0.9466527741599375,0.784579317530607,0.9352213084873844,f496ab7200534ea67c653185dcca92cb084184e93c07a7b5e720fa9e96fdde6b,Qwen/Qwen3-Embedding-0.6B,1000,l2,lbfgs,0.4,"(3, 5)",tfidf+qwen3+dinov3+pe,439a3c65d2b7980ea9a60f2590d362f8d8f2f10c1cf3790731f7985e2dff85d9,11d9d547c3e4c888776e244181fc6cff237ded98094ff2e90eecd74353ef8978,50000,True,7122d65b01ae191efd2d06d0ce85e701ad83d4f5db224c7d8015c8b61fe612e6,0.3,char_wb,l2,5,facebook/dinov3-vits16-pretrain-lvd1689m,42,l2,balanced,timm/PE-Core-L-14-336,split_v1,,,,,,,,,,,,,,,,,,,,,,,,,,,training/src/train.py,7871b1090d26c36a121c5e8b5ac00a362d8317fd,LOCAL,True,3.13.13,lrgrid__c0.3__balanced,nikitalosev,7871b1090d26c36a121c5e8b5ac00a362d8317fd
4a1889e63da5433981ce3fb7cd33168d,1,FINISHED,file:///Users/nikitalosev/Documents/avito-film-camera-body-type/training/tracking/store/mlartifacts/4a1889e63da5433981ce3fb7cd33168d/artifacts,2026-06-03 14:46:57.720000+00:00,2026-06-03 14:46:57.886000+00:00,0.7834331857254493,0.9227161127001416,0.9299450517245468,0.05194805194805195,0.05063291139240506,0.09672237180882129,0.8755439512619669,0.7142857142857143,0.046311082721175345,0.9423808283407137,0.7778067205001302,0.9198477478730508,f496ab7200534ea67c653185dcca92cb084184e93c07a7b5e720fa9e96fdde6b,Qwen/Qwen3-Embedding-0.6B,1000,l2,lbfgs,0.49,"(3, 5)",tfidf+qwen3+dinov3+pe,439a3c65d2b7980ea9a60f2590d362f8d8f2f10c1cf3790731f7985e2dff85d9,11d9d547c3e4c888776e244181fc6cff237ded98094ff2e90eecd74353ef8978,50000,True,7122d65b01ae191efd2d06d0ce85e701ad83d4f5db224c7d8015c8b61fe612e6,0.1,char_wb,l2,5,facebook/dinov3-vits16-pretrain-lvd1689m,42,l2,None,timm/PE-Core-L-14-336,split_v1,,,,,,,,,,,,,,,,,,,,,,,,,,,training/src/train.py,7871b1090d26c36a121c5e8b5ac00a362d8317fd,LOCAL,True,3.13.13,lrgrid__c0.1__none,nikitalosev,7871b1090d26c36a121c5e8b5ac00a362d8317fd
f899ca3a55104d92a755fd37fe84b652,1,FINISHED,file:///Users/nikitalosev/Documents/avito-film-camera-body-type/training/tracking/store/mlartifacts/f899ca3a55104d92a755fd37fe84b652/artifacts,2026-06-03 14:42:44.397000+00:00,2026-06-03 14:42:44.534000+00:00,0.7825996353216984,0.9221694532504734,0.9266728319106113,0.05510127060007548,0.05521472392638037,0.10159515897385443,0.9196093163035312,0.7333333333333333,0.0453024453024453,0.9398280802292264,0.7729096118780933,0.9253000430845496,f496ab7200534ea67c653185dcca92cb084184e93c07a7b5e720fa9e96fdde6b,Qwen/Qwen3-Embedding-0.6B,1000,l2,lbfgs,0.52,"(3, 5)",tfidf+qwen3+dinov3+pe,439a3c65d2b7980ea9a60f2590d362f8d8f2f10c1cf3790731f7985e2dff85d9,11d9d547c3e4c888776e244181fc6cff237ded98094ff2e90eecd74353ef8978,50000,True,7122d65b01ae191efd2d06d0ce85e701ad83d4f5db224c7d8015c8b61fe612e6,0.1,char_wb,l2,5,facebook/dinov3-vits16-pretrain-lvd1689m,42,l2,balanced,timm/PE-Core-L-14-336,split_v1,,,,,,,,,,,,,,,,,,,,,,,,,,,training/src/train.py,7871b1090d26c36a121c5e8b5ac00a362d8317fd,LOCAL,True,3.13.13,lrgrid__c0.1__balanced,nikitalosev,7871b1090d26c36a121c5e8b5ac00a362d8317fd
4726b8cd57964cc1a6395ee514bbb5fa,1,FINISHED,file:///Users/nikitalosev/Documents/avito-film-camera-body-type/training/tracking/store/mlartifacts/4726b8cd57964cc1a6395ee514bbb5fa/artifacts,2026-06-03 14:00:26.641000+00:00,2026-06-03 14:00:26.806000+00:00,0.78567335243553,0.9482917425853538,0.9388817010753657,0.04259776536312849,0.03680981595092025,0.07797265625985011,0.9341408024224073,0.7476190476190476,0.04259776536312849,0.9504037509768168,0.78567335243553,0.9388817010753657,f496ab7200534ea67c653185dcca92cb084184e93c07a7b5e720fa9e96fdde6b,Qwen/Qwen3-Embedding-0.6B,1000,l2,lbfgs,0.0,"(3, 5)",tfidf+qwen3+dinov3+pe+pe_sim,439a3c65d2b7980ea9a60f2590d362f8d8f2f10c1cf3790731f7985e2dff85d9,11d9d547c3e4c888776e244181fc6cff237ded98094ff2e90eecd74353ef8978,50000,True,7122d65b01ae191efd2d06d0ce85e701ad83d4f5db224c7d8015c8b61fe612e6,1.0,char_wb,l2,5,facebook/dinov3-vits16-pretrain-lvd1689m,42,l2,balanced,timm/PE-Core-L-14-336,split_v1,c85a1a2c3ac20a43acab1b1c5d84ca9803c9f00a2c9286b5dcd1ff5eaa223386,standard,timm/PE-Core-L-14-336,,,,,,,,,,,,,,,,,,,,,,,,training/src/train.py,7871b1090d26c36a121c5e8b5ac00a362d8317fd,LOCAL,True,3.13.13,tfidf+qwen3+dinov3+pe+pesim+logreg,nikitalosev,7871b1090d26c36a121c5e8b5ac00a362d8317fd
1bed8db174e145f9b7b52a897c23d674,1,FINISHED,file:///Users/nikitalosev/Documents/avito-film-camera-body-type/training/tracking/store/mlartifacts/1bed8db174e145f9b7b52a897c23d674/artifacts,2026-06-03 13:48:33.380000+00:00,2026-06-03 13:48:33.510000+00:00,0.782078666319354,0.940156492722026,0.9317675293297794,0.04812630778010272,0.04878048780487805,0.09329431126258479,0.9373584905660377,0.7428571428571429,0.0464835304591123,0.9439958322479812,0.7811930190153686,0.9327233562837639,,Qwen/Qwen3-Embedding-0.6B,1000,l2,lbfgs,0.43,"(3, 5)",tfidf+qwen3+dinov3+pe_sim,439a3c65d2b7980ea9a60f2590d362f8d8f2f10c1cf3790731f7985e2dff85d9,11d9d547c3e4c888776e244181fc6cff237ded98094ff2e90eecd74353ef8978,50000,True,7122d65b01ae191efd2d06d0ce85e701ad83d4f5db224c7d8015c8b61fe612e6,1.0,char_wb,l2,5,facebook/dinov3-vits16-pretrain-lvd1689m,42,,balanced,,split_v1,c85a1a2c3ac20a43acab1b1c5d84ca9803c9f00a2c9286b5dcd1ff5eaa223386,standard,timm/PE-Core-L-14-336,,,,,,,,,,,,,,,,,,,,,,,,training/src/train.py,7871b1090d26c36a121c5e8b5ac00a362d8317fd,LOCAL,True,3.13.13,tfidf+qwen3+dinov3+pesim+logreg,nikitalosev,7871b1090d26c36a121c5e8b5ac00a362d8317fd
a3cc95f86892429ba1a2e4bfd507e964,1,FINISHED,file:///Users/nikitalosev/Documents/avito-film-camera-body-type/training/tracking/store/mlartifacts/a3cc95f86892429ba1a2e4bfd507e964/artifacts,2026-06-03 13:40:41.163000+00:00,2026-06-03 13:40:41.348000+00:00,0.7846835113310758,0.9353250806093382,0.9318086355252314,0.042344862665310276,0.031055900621118012,0.0706325846291332,0.874162323157111,0.7428571428571429,0.042344862665310276,0.9495702005730658,0.7846835113310758,0.9318086355252314,f496ab7200534ea67c653185dcca92cb084184e93c07a7b5e720fa9e96fdde6b,Qwen/Qwen3-Embedding-0.6B,1000,l2,lbfgs,0.0,"(3, 5)",tfidf+qwen3+dinov3+pe,439a3c65d2b7980ea9a60f2590d362f8d8f2f10c1cf3790731f7985e2dff85d9,11d9d547c3e4c888776e244181fc6cff237ded98094ff2e90eecd74353ef8978,50000,True,7122d65b01ae191efd2d06d0ce85e701ad83d4f5db224c7d8015c8b61fe612e6,1.0,char_wb,l2,5,facebook/dinov3-vits16-pretrain-lvd1689m,42,standard,balanced,timm/PE-Core-L-14-336,split_v1,,,,,,,,,,,,,,,,,,,,,,,,,,,training/src/train.py,7871b1090d26c36a121c5e8b5ac00a362d8317fd,LOCAL,True,3.13.13,tfidf+qwen3+dinov3+peSTD+logreg,nikitalosev,7871b1090d26c36a121c5e8b5ac00a362d8317fd
fe9d3767788942a7a54d78b1711495b3,1,FINISHED,file:///Users/nikitalosev/Documents/avito-film-camera-body-type/training/tracking/store/mlartifacts/fe9d3767788942a7a54d78b1711495b3/artifacts,2026-06-03 13:08:13.579000+00:00,2026-06-03 13:08:13.714000+00:00,0.78614222453764,0.9468959303237474,0.9404720691259866,0.04184392659851419,0.03680981595092025,0.07797265625985011,0.9287878787878788,0.7476190476190476,0.04184392659851419,0.9512893982808023,0.78614222453764,0.9404720691259866,f496ab7200534ea67c653185dcca92cb084184e93c07a7b5e720fa9e96fdde6b,Qwen/Qwen3-Embedding-0.6B,1000,l2,lbfgs,0.0,"(3, 5)",tfidf+qwen3+dinov3+pe,439a3c65d2b7980ea9a60f2590d362f8d8f2f10c1cf3790731f7985e2dff85d9,11d9d547c3e4c888776e244181fc6cff237ded98094ff2e90eecd74353ef8978,50000,True,7122d65b01ae191efd2d06d0ce85e701ad83d4f5db224c7d8015c8b61fe612e6,1.0,char_wb,l2,5,facebook/dinov3-vits16-pretrain-lvd1689m,42,l2,balanced,timm/PE-Core-L-14-336,split_v1,,,,,,,,,,,,,,,,,,,,,,,,,,,training/src/train.py,7871b1090d26c36a121c5e8b5ac00a362d8317fd,LOCAL,True,3.13.13,tfidf+qwen3+dinov3+pe+logreg,nikitalosev,7871b1090d26c36a121c5e8b5ac00a362d8317fd
516137d9a3544b488661dd843e42a2bf,1,FINISHED,file:///Users/nikitalosev/Documents/avito-film-camera-body-type/training/tracking/store/mlartifacts/516137d9a3544b488661dd843e42a2bf/artifacts,2026-06-03 08:09:47.186000+00:00,2026-06-03 08:09:47.292000+00:00,,0.8970695725271677,,,0.045454545454545456,0.09084508892133232,0.8924103419516264,0.7,0.04498039997342369,,0.7488408439697838,0.9091523290396846,,,,,,0.0,,,,11d9d547c3e4c888776e244181fc6cff237ded98094ff2e90eecd74353ef8978,,,7122d65b01ae191efd2d06d0ce85e701ad83d4f5db224c7d8015c8b61fe612e6,,,,,,,,,,split_v1,,,,439a3c65d2b7980ea9a60f2590d362f8d8f2f10c1cf3790731f7985e2dff85d9,qwen3+dinov3,catboost,catboost,cascade,text_flags+qwen3+dinov3,,,,,,,,,,,,,,,,,,training/src/train.py,7871b1090d26c36a121c5e8b5ac00a362d8317fd,LOCAL,True,3.13.13,cgrid__catboost__catboost,nikitalosev,7871b1090d26c36a121c5e8b5ac00a362d8317fd
f93d56563b68408bad4dbb00b459b4af,1,FINISHED,file:///Users/nikitalosev/Documents/avito-film-camera-body-type/training/tracking/store/mlartifacts/f93d56563b68408bad4dbb00b459b4af/artifacts,2026-06-03 08:02:15.166000+00:00,2026-06-03 08:02:15.295000+00:00,,0.9054521407646247,,,0.05161290322580645,0.09853260134544388,0.896845694799659,0.7,0.04077990746860542,,0.7560823131023704,0.9172428703869068,,,,,,0.0,,,,11d9d547c3e4c888776e244181fc6cff237ded98094ff2e90eecd74353ef8978,,,7122d65b01ae191efd2d06d0ce85e701ad83d4f5db224c7d8015c8b61fe612e6,,,,,,,,,,split_v1,,,,439a3c65d2b7980ea9a60f2590d362f8d8f2f10c1cf3790731f7985e2dff85d9,qwen3+dinov3,lightgbm,catboost,cascade,text_flags+qwen3+dinov3,,,,,,,,,,,,,,,,,,training/src/train.py,7871b1090d26c36a121c5e8b5ac00a362d8317fd,LOCAL,True,3.13.13,cgrid__catboost__lightgbm,nikitalosev,7871b1090d26c36a121c5e8b5ac00a362d8317fd
a0a8170f46f5470da5295ed74f2d1165,1,FINISHED,file:///Users/nikitalosev/Documents/avito-film-camera-body-type/training/tracking/store/mlartifacts/a0a8170f46f5470da5295ed74f2d1165/artifacts,2026-06-03 07:55:17.295000+00:00,2026-06-03 07:55:17.426000+00:00,,0.904666106730005,,,0.05161290322580645,0.09853260134544388,0.8992747784045125,0.7,0.040613179374875574,,0.753164886689242,0.9137594758610468,,,,,,0.0,,,,11d9d547c3e4c888776e244181fc6cff237ded98094ff2e90eecd74353ef8978,,,7122d65b01ae191efd2d06d0ce85e701ad83d4f5db224c7d8015c8b61fe612e6,,,,,,,,,,split_v1,,,,439a3c65d2b7980ea9a60f2590d362f8d8f2f10c1cf3790731f7985e2dff85d9,tfidf+qwen3+dinov3,logreg,catboost,cascade,text_flags+qwen3+dinov3,,,,,,,,,,,,,,,,,,training/src/train.py,7871b1090d26c36a121c5e8b5ac00a362d8317fd,LOCAL,True,3.13.13,cgrid__catboost__logreg,nikitalosev,7871b1090d26c36a121c5e8b5ac00a362d8317fd
0cc4db8b49c4475192f748b9fbba6782,1,FINISHED,file:///Users/nikitalosev/Documents/avito-film-camera-body-type/training/tracking/store/mlartifacts/0cc4db8b49c4475192f748b9fbba6782/artifacts,2026-06-03 07:49:48.715000+00:00,2026-06-03 07:49:48.842000+00:00,,0.9096705970133715,,,0.05660377358490566,0.10406625217125755,0.9120788824979458,0.7142857142857143,0.046420141620771044,,0.7576973170096379,0.9176988784655987,,,,,,0.42,,,,11d9d547c3e4c888776e244181fc6cff237ded98094ff2e90eecd74353ef8978,,,7122d65b01ae191efd2d06d0ce85e701ad83d4f5db224c7d8015c8b61fe612e6,,,,,,,,,,split_v1,,,,439a3c65d2b7980ea9a60f2590d362f8d8f2f10c1cf3790731f7985e2dff85d9,qwen3+dinov3,catboost,lightgbm,cascade,text_flags+qwen3+dinov3,,,,,,,,,,,,,,,,,,training/src/train.py,7871b1090d26c36a121c5e8b5ac00a362d8317fd,LOCAL,True,3.13.13,cgrid__lightgbm__catboost,nikitalosev,7871b1090d26c36a121c5e8b5ac00a362d8317fd
f670e75c709d46b8bd2d9eccd49bb5ad,1,FINISHED,file:///Users/nikitalosev/Documents/avito-film-camera-body-type/training/tracking/store/mlartifacts/f670e75c709d46b8bd2d9eccd49bb5ad/artifacts,2026-06-03 07:44:01.368000+00:00,2026-06-03 07:44:01.488000+00:00,,0.9186485902908047,,,0.06832298136645963,0.11819106847158226,0.9157631359466222,0.7142857142857143,0.04344998048653571,,0.7661370148476165,0.9253245135188596,,,,,,0.0,,,,11d9d547c3e4c888776e244181fc6cff237ded98094ff2e90eecd74353ef8978,,,7122d65b01ae191efd2d06d0ce85e701ad83d4f5db224c7d8015c8b61fe612e6,,,,,,,,,,split_v1,,,,439a3c65d2b7980ea9a60f2590d362f8d8f2f10c1cf3790731f7985e2dff85d9,qwen3+dinov3,lightgbm,lightgbm,cascade,text_flags+qwen3+dinov3,,,,,,,,,,,,,,,,,,training/src/train.py,7871b1090d26c36a121c5e8b5ac00a362d8317fd,LOCAL,True,3.13.13,cgrid__lightgbm__lightgbm,nikitalosev,7871b1090d26c36a121c5e8b5ac00a362d8317fd
adc0645be58d4eefb77e2a92d80d0470,1,FINISHED,file:///Users/nikitalosev/Documents/avito-film-camera-body-type/training/tracking/store/mlartifacts/adc0645be58d4eefb77e2a92d80d0470/artifacts,2026-06-03 07:39:17.173000+00:00,2026-06-03 07:39:17.284000+00:00,,0.9180180432261396,,,0.06172839506172839,0.10988979958960039,0.9177760375880971,0.7238095238095238,0.04393810798459228,,0.7629070070330816,0.9211940146720425,,,,,,0.0,,,,11d9d547c3e4c888776e244181fc6cff237ded98094ff2e90eecd74353ef8978,,,7122d65b01ae191efd2d06d0ce85e701ad83d4f5db224c7d8015c8b61fe612e6,,,,,,,,,,split_v1,,,,439a3c65d2b7980ea9a60f2590d362f8d8f2f10c1cf3790731f7985e2dff85d9,tfidf+qwen3+dinov3,logreg,lightgbm,cascade,text_flags+qwen3+dinov3,,,,,,,,,,,,,,,,,,training/src/train.py,7871b1090d26c36a121c5e8b5ac00a362d8317fd,LOCAL,True,3.13.13,cgrid__lightgbm__logreg,nikitalosev,7871b1090d26c36a121c5e8b5ac00a362d8317fd
8627c6f12b794bb28640d4a87c41033a,1,FINISHED,file:///Users/nikitalosev/Documents/avito-film-camera-body-type/training/tracking/store/mlartifacts/8627c6f12b794bb28640d4a87c41033a/artifacts,2026-06-03 07:35:29.954000+00:00,2026-06-03 07:35:30.185000+00:00,,0.9025820560234203,,,0.033112582781456956,0.07516716243887676,0.8995850622406639,0.6952380952380952,0.041283179938642126,,0.7488929408700182,0.9139154977124542,,,,,,0.0,,,,11d9d547c3e4c888776e244181fc6cff237ded98094ff2e90eecd74353ef8978,,,7122d65b01ae191efd2d06d0ce85e701ad83d4f5db224c7d8015c8b61fe612e6,,,,,,,,,,split_v1,,,,439a3c65d2b7980ea9a60f2590d362f8d8f2f10c1cf3790731f7985e2dff85d9,qwen3+dinov3,catboost,logreg,cascade,text_flags+tfidf+qwen3+dinov3,,,,,,,,,,,,,,,,,,training/src/train.py,7871b1090d26c36a121c5e8b5ac00a362d8317fd,LOCAL,True,3.13.13,cgrid__logreg__catboost,nikitalosev,7871b1090d26c36a121c5e8b5ac00a362d8317fd
6df4a7ca73d6443691dcb117701867f3,1,FINISHED,file:///Users/nikitalosev/Documents/avito-film-camera-body-type/training/tracking/store/mlartifacts/6df4a7ca73d6443691dcb117701867f3/artifacts,2026-06-03 07:28:14.664000+00:00,2026-06-03 07:28:14.799000+00:00,,0.9097853540010429,,,0.039473684210526314,0.083437577434425,0.9024597116200169,0.6952380952380952,0.03565500298784941,,0.7566553790049492,0.9217652508752914,,,,,,0.0,,,,11d9d547c3e4c888776e244181fc6cff237ded98094ff2e90eecd74353ef8978,,,7122d65b01ae191efd2d06d0ce85e701ad83d4f5db224c7d8015c8b61fe612e6,,,,,,,,,,split_v1,,,,439a3c65d2b7980ea9a60f2590d362f8d8f2f10c1cf3790731f7985e2dff85d9,qwen3+dinov3,lightgbm,logreg,cascade,text_flags+tfidf+qwen3+dinov3,,,,,,,,,,,,,,,,,,training/src/train.py,7871b1090d26c36a121c5e8b5ac00a362d8317fd,LOCAL,True,3.13.13,cgrid__logreg__lightgbm,nikitalosev,7871b1090d26c36a121c5e8b5ac00a362d8317fd
baffbae75ad248c4949f842130ee9761,1,FINISHED,file:///Users/nikitalosev/Documents/avito-film-camera-body-type/training/tracking/store/mlartifacts/baffbae75ad248c4949f842130ee9761/artifacts,2026-06-03 07:21:47.440000+00:00,2026-06-03 07:21:47.609000+00:00,,0.9087767293885429,,,0.0392156862745098,0.0829093211570181,0.9028112449799197,0.7,0.03579522730302626,,0.7535816618911175,0.9191162336873528,,,,,,0.0,,,,11d9d547c3e4c888776e244181fc6cff237ded98094ff2e90eecd74353ef8978,,,7122d65b01ae191efd2d06d0ce85e701ad83d4f5db224c7d8015c8b61fe612e6,,,,,,,,,,split_v1,,,,439a3c65d2b7980ea9a60f2590d362f8d8f2f10c1cf3790731f7985e2dff85d9,tfidf+qwen3+dinov3,logreg,logreg,cascade,text_flags+tfidf+qwen3+dinov3,,,,,,,,,,,,,,,,,,training/src/train.py,7871b1090d26c36a121c5e8b5ac00a362d8317fd,LOCAL,True,3.13.13,cgrid__logreg__logreg,nikitalosev,7871b1090d26c36a121c5e8b5ac00a362d8317fd
54a8f3b9908848fd9787586b8a2f946b,1,FINISHED,file:///Users/nikitalosev/Documents/avito-film-camera-body-type/training/tracking/store/mlartifacts/54a8f3b9908848fd9787586b8a2f946b/artifacts,2026-06-03 00:16:34.633000+00:00,2026-06-03 00:16:34.751000+00:00,,0.904666106730005,,,0.05161290322580645,0.09853260134544388,0.8992747784045125,0.7,0.040613179374875574,,0.753164886689242,0.9137594758610468,,,,,,0.0,,,,11d9d547c3e4c888776e244181fc6cff237ded98094ff2e90eecd74353ef8978,,,7122d65b01ae191efd2d06d0ce85e701ad83d4f5db224c7d8015c8b61fe612e6,,,,,,,,,,split_v1,,,,439a3c65d2b7980ea9a60f2590d362f8d8f2f10c1cf3790731f7985e2dff85d9,tfidf+qwen3+dinov3,logreg,catboost,cascade,text_flags+qwen3+dinov3,,,,,,,,,,,,,,,,,,training/src/train.py,7871b1090d26c36a121c5e8b5ac00a362d8317fd,LOCAL,True,3.13.13,cascade__s1catboost,nikitalosev,7871b1090d26c36a121c5e8b5ac00a362d8317fd
1deae778dc724f33a5204ad53e7f594c,1,FINISHED,file:///Users/nikitalosev/Documents/avito-film-camera-body-type/training/tracking/store/mlartifacts/1deae778dc724f33a5204ad53e7f594c/artifacts,2026-06-03 00:11:06.315000+00:00,2026-06-03 00:11:06.424000+00:00,,0.9180180432261396,,,0.06172839506172839,0.10988979958960039,0.9177760375880971,0.7238095238095238,0.04393810798459228,,0.7629070070330816,0.9211940146720425,,,,,,0.0,,,,11d9d547c3e4c888776e244181fc6cff237ded98094ff2e90eecd74353ef8978,,,7122d65b01ae191efd2d06d0ce85e701ad83d4f5db224c7d8015c8b61fe612e6,,,,,,,,,,split_v1,,,,439a3c65d2b7980ea9a60f2590d362f8d8f2f10c1cf3790731f7985e2dff85d9,tfidf+qwen3+dinov3,logreg,lightgbm,cascade,text_flags+qwen3+dinov3,,,,,,,,,,,,,,,,,,training/src/train.py,7871b1090d26c36a121c5e8b5ac00a362d8317fd,LOCAL,True,3.13.13,cascade__s1lgbm,nikitalosev,7871b1090d26c36a121c5e8b5ac00a362d8317fd
054c787fd2354fd1bc176aa96174919c,1,FINISHED,file:///Users/nikitalosev/Documents/avito-film-camera-body-type/training/tracking/store/mlartifacts/054c787fd2354fd1bc176aa96174919c/artifacts,2026-06-03 00:07:14.573000+00:00,2026-06-03 00:07:14.673000+00:00,,0.89549016777213,,,0.0472972972972973,0.0944046919045694,0.8883455582722086,0.6714285714285714,0.03704454809707294,,0.7421203438395415,0.9048282091158781,,,,,,0.0,,,,11d9d547c3e4c888776e244181fc6cff237ded98094ff2e90eecd74353ef8978,,,7122d65b01ae191efd2d06d0ce85e701ad83d4f5db224c7d8015c8b61fe612e6,,,,,,,,,,split_v1,,,,439a3c65d2b7980ea9a60f2590d362f8d8f2f10c1cf3790731f7985e2dff85d9,tfidf+qwen3+dinov3,logreg,logreg,cascade,text_flags+qwen3+dinov3,,,,,,,,,,,,,,,,,,training/src/train.py,7871b1090d26c36a121c5e8b5ac00a362d8317fd,LOCAL,True,3.13.13,cascade__s1logreg,nikitalosev,7871b1090d26c36a121c5e8b5ac00a362d8317fd
d71766bfb4394c4fb6c6ab0a8b78fdac,1,FINISHED,file:///Users/nikitalosev/Documents/avito-film-camera-body-type/training/tracking/store/mlartifacts/d71766bfb4394c4fb6c6ab0a8b78fdac/artifacts,2026-06-02 23:52:22.627000+00:00,2026-06-02 23:52:22.733000+00:00,,0.9241013216576647,,,0.042682926829268296,0.08547349168131096,0.9339407744874715,0.7476190476190476,0.04643566258886825,,0.7756186506902839,0.9272191548212292,,Qwen/Qwen3-Embedding-0.6B,1000,l2,lbfgs,0.5,"(3, 5)",tfidf+qwen3+dinov3+text_flags,,11d9d547c3e4c888776e244181fc6cff237ded98094ff2e90eecd74353ef8978,50000,True,7122d65b01ae191efd2d06d0ce85e701ad83d4f5db224c7d8015c8b61fe612e6,1.0,char_wb,,5,,42,,balanced,,split_v1,,,,439a3c65d2b7980ea9a60f2590d362f8d8f2f10c1cf3790731f7985e2dff85d9,,,,,,l2,none,facebook/dinov3-vits16-pretrain-lvd1689m,,,,,,,,,,,,,,,training/src/train.py,7871b1090d26c36a121c5e8b5ac00a362d8317fd,LOCAL,True,3.13.13,tfidf+qwen3+dinov3+flags+logreg,nikitalosev,7871b1090d26c36a121c5e8b5ac00a362d8317fd
a41fe5fd4ed8441bbd58f5bca4cff552,1,FINISHED,file:///Users/nikitalosev/Documents/avito-film-camera-body-type/training/tracking/store/mlartifacts/a41fe5fd4ed8441bbd58f5bca4cff552/artifacts,2026-06-02 23:36:41.628000+00:00,2026-06-02 23:36:41.749000+00:00,,0.9063097905552947,,,0.03289473684210526,0.0746876771575704,0.9016129032258065,0.7,0.034971581410899365,,0.7518624641833811,0.9185178107490711,,,,,,0.0,,,,11d9d547c3e4c888776e244181fc6cff237ded98094ff2e90eecd74353ef8978,,,7122d65b01ae191efd2d06d0ce85e701ad83d4f5db224c7d8015c8b61fe612e6,,,,,,,,,,split_v1,,,,439a3c65d2b7980ea9a60f2590d362f8d8f2f10c1cf3790731f7985e2dff85d9,tfidf+qwen3+dinov3,logreg,logreg,cascade,tfidf+qwen3+dinov3,,,,,,,,,,,,,,,,,,training/src/train.py,7871b1090d26c36a121c5e8b5ac00a362d8317fd,LOCAL,True,3.13.13,cascade__lr__lr,nikitalosev,7871b1090d26c36a121c5e8b5ac00a362d8317fd
ca063ff217b64588a2ee2cb09915633f,1,FINISHED,file:///Users/nikitalosev/Documents/avito-film-camera-body-type/training/tracking/store/mlartifacts/ca063ff217b64588a2ee2cb09915633f/artifacts,2026-06-02 21:47:35.398000+00:00,2026-06-02 21:47:35.553000+00:00,,0.9371888028157294,,,0.07784431137724551,0.1286200084669895,0.9301587301587302,0.7333333333333333,0.046430607461835686,,0.7842667361292003,0.9380002063302818,,Qwen/Qwen3-Embedding-0.6B,,l2,,0.0,"(3, 5)",tfidf+qwen3+dinov3,,11d9d547c3e4c888776e244181fc6cff237ded98094ff2e90eecd74353ef8978,50000,True,7122d65b01ae191efd2d06d0ce85e701ad83d4f5db224c7d8015c8b61fe612e6,,char_wb,,5,,,,,,split_v1,,,,439a3c65d2b7980ea9a60f2590d362f8d8f2f10c1cf3790731f7985e2dff85d9,,,,,,l2,,facebook/dinov3-vits16-pretrain-lvd1689m,42,balanced,-1,400,-1,,,,,,,,,,training/src/train.py,7871b1090d26c36a121c5e8b5ac00a362d8317fd,LOCAL,True,3.13.13,tfidf+qwen3+dinov3+lgbm,nikitalosev,7871b1090d26c36a121c5e8b5ac00a362d8317fd
36cb8b28f35f4f7fba37d29bb1de41d2,1,FINISHED,file:///Users/nikitalosev/Documents/avito-film-camera-body-type/training/tracking/store/mlartifacts/36cb8b28f35f4f7fba37d29bb1de41d2/artifacts,2026-06-02 20:51:54.814000+00:00,2026-06-02 20:51:54.949000+00:00,,0.9226739494150902,,,0.06666666666666667,0.11542259599839294,0.9120521172638436,0.7333333333333333,0.04577803423735334,,0.7753581661891118,0.9273953028683476,,Qwen/Qwen3-Embedding-0.6B,,standard,,0.56,,qwen3+dinov3,,11d9d547c3e4c888776e244181fc6cff237ded98094ff2e90eecd74353ef8978,,,7122d65b01ae191efd2d06d0ce85e701ad83d4f5db224c7d8015c8b61fe612e6,,,,,,,,,,split_v1,,,,439a3c65d2b7980ea9a60f2590d362f8d8f2f10c1cf3790731f7985e2dff85d9,,,,,,standard,,facebook/dinov3-vits16-pretrain-lvd1689m,42,balanced,-1,400,-1,,,,,,,,,,training/src/train.py,7871b1090d26c36a121c5e8b5ac00a362d8317fd,LOCAL,True,3.13.13,qwen3emb+dinov3+lgbm,nikitalosev,7871b1090d26c36a121c5e8b5ac00a362d8317fd
1fd4bf13973749d8907aa0d3b82af6a6,1,FINISHED,file:///Users/nikitalosev/Documents/avito-film-camera-body-type/training/tracking/store/mlartifacts/1fd4bf13973749d8907aa0d3b82af6a6/artifacts,2026-06-02 20:46:13.611000+00:00,2026-06-02 20:46:14.426000+00:00,,0.6451788387842216,,,0.07758620689655173,0.14090109498331838,0.4074074074074074,0.5095238095238095,0.04468922108575925,,0.6325605626465225,0.7497686020516334,,Qwen/Qwen3-Embedding-0.6B,,standard,,0.55,,qwen3+dinov3,,11d9d547c3e4c888776e244181fc6cff237ded98094ff2e90eecd74353ef8978,,,7122d65b01ae191efd2d06d0ce85e701ad83d4f5db224c7d8015c8b61fe612e6,,,,,,,,,,split_v1,,,,439a3c65d2b7980ea9a60f2590d362f8d8f2f10c1cf3790731f7985e2dff85d9,,,,,,standard,,facebook/dinov3-vits16-pretrain-lvd1689m,,,,,,-1,balanced,42,300,,,,,,training/src/train.py,7871b1090d26c36a121c5e8b5ac00a362d8317fd,LOCAL,True,3.13.13,qwen3emb+dinov3+rf,nikitalosev,7871b1090d26c36a121c5e8b5ac00a362d8317fd
d87deec8eccf4fcb85932a5cd95eace0,1,FINISHED,file:///Users/nikitalosev/Documents/avito-film-camera-body-type/training/tracking/store/mlartifacts/d87deec8eccf4fcb85932a5cd95eace0/artifacts,2026-06-02 19:35:18.792000+00:00,2026-06-02 19:35:18.904000+00:00,,0.8954890469931255,,,0.06060606060606061,0.10795751303784593,0.9209896249002394,0.7380952380952381,0.04623627463950258,,0.7511852044803334,0.9080271695362758,,Qwen/Qwen3-Embedding-0.6B,,standard,,0.59,,qwen3+dinov3,,11d9d547c3e4c888776e244181fc6cff237ded98094ff2e90eecd74353ef8978,,,7122d65b01ae191efd2d06d0ce85e701ad83d4f5db224c7d8015c8b61fe612e6,,,,,,,,,,split_v1,,,,439a3c65d2b7980ea9a60f2590d362f8d8f2f10c1cf3790731f7985e2dff85d9,,,,,,standard,,facebook/dinov3-vits16-pretrain-lvd1689m,,,,,,,,,,Balanced,42,0,MultiClass,,training/src/train.py,7871b1090d26c36a121c5e8b5ac00a362d8317fd,LOCAL,True,3.13.13,qwen3emb+dinov3+catboost,nikitalosev,7871b1090d26c36a121c5e8b5ac00a362d8317fd
071fcf01f5e2419e9ebce06cc7ed037b,1,FINISHED,file:///Users/nikitalosev/Documents/avito-film-camera-body-type/training/tracking/store/mlartifacts/071fcf01f5e2419e9ebce06cc7ed037b/artifacts,2026-06-02 17:48:49.409000+00:00,2026-06-02 17:48:49.540000+00:00,,0.9230565238844987,,,0.042682926829268296,0.08547349168131096,0.9309035687167806,0.7476190476190476,0.04584508848422673,,0.7752539723886429,0.9268452949684313,,Qwen/Qwen3-Embedding-0.6B,1000,,lbfgs,0.5,"(3, 5)",tfidf+qwen3+dinov3,,11d9d547c3e4c888776e244181fc6cff237ded98094ff2e90eecd74353ef8978,50000,True,7122d65b01ae191efd2d06d0ce85e701ad83d4f5db224c7d8015c8b61fe612e6,1.0,char_wb,,5,,42,,balanced,,split_v1,,,,439a3c65d2b7980ea9a60f2590d362f8d8f2f10c1cf3790731f7985e2dff85d9,,,,,,,,facebook/dinov3-vits16-pretrain-lvd1689m,,,,,,,,,,,,,,l2_per_block,training/src/baseline_hybrid.py,7871b1090d26c36a121c5e8b5ac00a362d8317fd,LOCAL,True,3.13.13,tfidf+qwen3+dinov3+logreg,nikitalosev,7871b1090d26c36a121c5e8b5ac00a362d8317fd
02bc82f986304cf3a472e9e2dc421e03,1,FINISHED,file:///Users/nikitalosev/Documents/avito-film-camera-body-type/training/tracking/store/mlartifacts/02bc82f986304cf3a472e9e2dc421e03/artifacts,2026-06-02 17:43:47.059000+00:00,2026-06-02 17:43:47.178000+00:00,,0.5964638167607085,,,0.030927835051546393,0.08702149011641547,0.7209302325581395,0.44761904761904764,0.04433833560709413,,0.43792654337066944,0.6584092995778345,,Qwen/Qwen3-Embedding-0.6B,1000,,lbfgs,0.91,"(3, 5)",tfidf+qwen3,,11d9d547c3e4c888776e244181fc6cff237ded98094ff2e90eecd74353ef8978,50000,True,7122d65b01ae191efd2d06d0ce85e701ad83d4f5db224c7d8015c8b61fe612e6,1.0,char_wb,,5,,42,,balanced,,split_v1,,,,,,,,,,,,,,,,,,,,,,,,,,l2_per_block,training/src/baseline_hybrid.py,7871b1090d26c36a121c5e8b5ac00a362d8317fd,LOCAL,True,3.13.13,tfidf+qwen3+logreg,nikitalosev,7871b1090d26c36a121c5e8b5ac00a362d8317fd
94704acaf4a24bafa9470023b99e436e,1,FINISHED,file:///Users/nikitalosev/Documents/avito-film-camera-body-type/training/tracking/store/mlartifacts/94704acaf4a24bafa9470023b99e436e/artifacts,2026-06-02 17:19:57.966000+00:00,2026-06-02 17:19:58.081000+00:00,,0.8965637226638327,,,0.050314465408805034,0.09613364707967265,0.8793103448275862,0.719047619047619,0.04583851745137843,,0.7591039333159677,0.9101162283981316,,Qwen/Qwen3-Embedding-0.6B,1000,,lbfgs,0.6,,text_emb+image_emb,,11d9d547c3e4c888776e244181fc6cff237ded98094ff2e90eecd74353ef8978,,,7122d65b01ae191efd2d06d0ce85e701ad83d4f5db224c7d8015c8b61fe612e6,1.0,,,,,42,,balanced,,split_v1,,,,439a3c65d2b7980ea9a60f2590d362f8d8f2f10c1cf3790731f7985e2dff85d9,,,,,,,,facebook/dinov3-vits16-pretrain-lvd1689m,,,,,,,,,,,,,,,training/src/baseline_embfusion.py,7871b1090d26c36a121c5e8b5ac00a362d8317fd,LOCAL,True,3.13.13,qwen3emb+dinov3+logreg,nikitalosev,7871b1090d26c36a121c5e8b5ac00a362d8317fd
2319e70d3a044e04a8431920d4356543,1,FINISHED,file:///Users/nikitalosev/Documents/avito-film-camera-body-type/training/tracking/store/mlartifacts/2319e70d3a044e04a8431920d4356543/artifacts,2026-06-02 17:10:20.231000+00:00,2026-06-02 17:10:20.344000+00:00,,0.5852121301510335,,,0.03409090909090909,0.09549762599419709,0.7364921030756443,0.40476190476190477,0.04481569875364625,,0.37530606928887733,0.5915794674241471,,Qwen/Qwen3-Embedding-0.6B,1000,,lbfgs,0.95,,text_emb,,11d9d547c3e4c888776e244181fc6cff237ded98094ff2e90eecd74353ef8978,,,7122d65b01ae191efd2d06d0ce85e701ad83d4f5db224c7d8015c8b61fe612e6,1.0,,,,,42,,balanced,,split_v1,,,,,,,,,,,,,,,,,,,,,,,,,,,training/src/baseline_textemb.py,7871b1090d26c36a121c5e8b5ac00a362d8317fd,LOCAL,True,3.13.13,qwen3emb+logreg,nikitalosev,7871b1090d26c36a121c5e8b5ac00a362d8317fd
c9720a38a06841a9a6e9b467574be31c,1,FINISHED,file:///Users/nikitalosev/Documents/avito-film-camera-body-type/training/tracking/store/mlartifacts/c9720a38a06841a9a6e9b467574be31c/artifacts,2026-06-02 14:10:03.015000+00:00,2026-06-02 14:10:03.131000+00:00,,0.40022811216548787,,,0.04411764705882353,0.12187392182380694,0.6142557651991615,0.30952380952380953,0.04263565891472868,,0.2959624902318312,0.5217279698121795,,,1000,,lbfgs,0.93,"(3, 5)",text_only,,11d9d547c3e4c888776e244181fc6cff237ded98094ff2e90eecd74353ef8978,50000,True,,1.0,char_wb,,5,,42,,balanced,,split_v1,,,,,,,,,,,,,,,,,,,,,,,,,,,training/src/baseline_textonly.py,7871b1090d26c36a121c5e8b5ac00a362d8317fd,LOCAL,True,3.13.13,tfidf+logreg,nikitalosev,7871b1090d26c36a121c5e8b5ac00a362d8317fd
2ea72648635842bdac71b870d06e4801,1,FINISHED,file:///Users/nikitalosev/Documents/avito-film-camera-body-type/training/tracking/store/mlartifacts/2ea72648635842bdac71b870d06e4801/artifacts,2026-06-02 13:59:45.147000+00:00,2026-06-02 13:59:45.254000+00:00,,0.5403175208153673,,,0.02666666666666667,0.09211664843284882,0.8774193548387097,0.3476190476190476,0.04376297716019805,,0.3119041417035686,0.5475290114565485,,,1000,,lbfgs,0.96,,image_only,,11d9d547c3e4c888776e244181fc6cff237ded98094ff2e90eecd74353ef8978,,,,1.0,,,,,42,,balanced,,split_v1,,,,439a3c65d2b7980ea9a60f2590d362f8d8f2f10c1cf3790731f7985e2dff85d9,,,,,,,,facebook/dinov3-vits16-pretrain-lvd1689m,,,,,,,,,,,,,,,training/src/baseline_imageonly.py,7871b1090d26c36a121c5e8b5ac00a362d8317fd,LOCAL,True,3.13.13,dinov3s+logreg,nikitalosev,7871b1090d26c36a121c5e8b5ac00a362d8317fd
22606e307e3c4108beac91bc2d1e2427,1,FINISHED,file:///Users/nikitalosev/Documents/avito-film-camera-body-type/training/tracking/store/mlartifacts/22606e307e3c4108beac91bc2d1e2427/artifacts,2026-06-02 13:59:35.303000+00:00,2026-06-02 13:59:35.417000+00:00,,0.5324339203868494,,,0.08045977011494253,0.1568836414471511,0.8672566371681416,0.38095238095238093,0.044510828976848396,,0.33326387079968744,0.5570286467354439,,,1000,,lbfgs,0.95,,image_only,,11d9d547c3e4c888776e244181fc6cff237ded98094ff2e90eecd74353ef8978,,,,1.0,,,,,42,,balanced,,split_v1,,,,bac245c386d9a8c0a423d7b742387e85c6482a4840bd7207213918efec90daaf,,,,,,,,facebook/dinov2-small,,,,,,,,,,,,,,,training/src/baseline_imageonly.py,7871b1090d26c36a121c5e8b5ac00a362d8317fd,LOCAL,True,3.13.13,dinov2s+logreg,nikitalosev,7871b1090d26c36a121c5e8b5ac00a362d8317fd
2dcbed3d15534725a055acd3c017e573,1,FINISHED,file:///Users/nikitalosev/Documents/avito-film-camera-body-type/training/tracking/store/mlartifacts/2dcbed3d15534725a055acd3c017e573/artifacts,2026-06-02 13:28:24.156000+00:00,2026-06-02 13:28:24.261000+00:00,,0.9097548336712457,,,0.037267080745341616,0.07891240397369707,0.9108910891089109,0.7380952380952381,0.04516381673410782,,0.7621776504297995,0.915114041891766,,,1000,,lbfgs,0.58,"(3, 5)",,,11d9d547c3e4c888776e244181fc6cff237ded98094ff2e90eecd74353ef8978,50000,True,,1.0,char_wb,,5,,42,,balanced,,split_v1,,,,439a3c65d2b7980ea9a60f2590d362f8d8f2f10c1cf3790731f7985e2dff85d9,,,,,,,,facebook/dinov3-vits16-pretrain-lvd1689m,,,,,,,,,,,,,,,training/src/baseline.py,7871b1090d26c36a121c5e8b5ac00a362d8317fd,LOCAL,True,3.13.13,tfidf+dinov3s+logreg,nikitalosev,7871b1090d26c36a121c5e8b5ac00a362d8317fd
cf004433c7f346e798a414c6ddf28014,1,FINISHED,file:///Users/nikitalosev/Documents/avito-film-camera-body-type/training/tracking/store/mlartifacts/cf004433c7f346e798a414c6ddf28014/artifacts,2026-06-02 11:30:24.932000+00:00,2026-06-02 11:30:25.057000+00:00,,0.9158026355095433,,,0.05521472392638037,0.10159515897385443,0.9118086696562033,0.7333333333333333,0.0461398492331687,,0.7646783016410523,0.913323419307384,,,1000,,lbfgs,0.57,"(3, 5)",,,11d9d547c3e4c888776e244181fc6cff237ded98094ff2e90eecd74353ef8978,50000,True,,1.0,char_wb,,5,,42,,balanced,,split_v1,,,,bac245c386d9a8c0a423d7b742387e85c6482a4840bd7207213918efec90daaf,,,,,,,,facebook/dinov2-small,,,,,,,,,,,,,,,training/src/baseline.py,7871b1090d26c36a121c5e8b5ac00a362d8317fd,LOCAL,True,3.13.13,tfidf+dinov2s+logreg,nikitalosev,7871b1090d26c36a121c5e8b5ac00a362d8317fd
